City_ID,City,Country,Lat,Lng,Max Temp,Humidity,Cloudiness,Wind Speed,Current Description
0,Jamestown,US,42.097,-79.2353,12.51,80,40,1.54,scattered clouds
1,Atuona,PF,-9.8,-139.0333,25.91,78,11,8.11,few clouds
2,Upernavik,GL,72.7868,-56.1549,-0.77,90,100,6.34,overcast clouds
3,Urubicha,BO,-15.3833,-62.95,20.81,87,100,0.36,overcast clouds
4,Carnarvon,AU,-24.8667,113.6333,21.98,57,0,6.11,clear sky
5,Butaritari,KI,3.0707,172.7902,27.59,81,100,5.74,light rain
6,Plettenberg Bay,ZA,-34.0527,23.3716,18.47,63,7,1.34,clear sky
7,Ushuaia,AR,-54.8,-68.3,0.81,69,40,3.6,scattered clouds
8,Rincon,US,32.296,-81.2354,27.14,94,100,1.54,overcast clouds
9,Punta Arenas,CL,-53.15,-70.9167,0.06,86,20,6.17,few clouds
10,Gat,IL,31.61,34.7642,26.55,37,0,7.4,clear sky
11,Lebu,CL,-37.6167,-73.65,8.38,82,100,1.31,overcast clouds
12,Gualeguay,AR,-33.1416,-59.3097,14.01,82,100,2.98,overcast clouds
13,Sao Joao Da Barra,BR,-21.6403,-41.0511,22.05,68,45,2.99,scattered clouds
14,Bredasdorp,ZA,-34.5322,20.0403,22.26,42,100,3.45,overcast clouds
15,Rikitea,PF,-23.1203,-134.9692,24.0,78,17,5.81,few clouds
16,Canutama,BR,-6.5339,-64.3831,28.22,65,85,1.36,overcast clouds
17,Port Blair,IN,11.6667,92.75,29.02,84,75,4.63,mist
18,Dawson Creek,CA,55.7666,-120.2362,9.8,37,0,1.03,clear sky
19,Tiksi,RU,71.6872,128.8694,-0.57,98,97,1.44,overcast clouds
20,Lavrentiya,RU,65.5833,-171.0,1.55,72,100,0.84,overcast clouds
21,Potiskum,NG,11.7091,11.0694,38.87,11,7,3.89,clear sky
22,Cape Town,ZA,-33.9258,18.4232,20.62,66,0,6.17,clear sky
23,Ribeira Grande,PT,38.5167,-28.7,18.22,94,75,3.09,broken clouds
24,Hermanus,ZA,-34.4187,19.2345,19.89,64,100,6.38,overcast clouds
25,Albany,US,42.6001,-73.9662,14.82,67,100,3.76,overcast clouds
26,Hobart,AU,-42.8794,147.3294,7.81,90,20,2.57,few clouds
27,Neryungri,RU,56.6709,124.6491,2.58,90,1,2.19,clear sky
28,Valley City,US,46.9233,-98.0032,8.29,87,0,4.12,clear sky
29,Coquimbo,CL,-29.9533,-71.3436,11.85,76,0,2.57,clear sky
30,Barrow,US,71.2906,-156.7887,-5.99,93,100,6.17,overcast clouds
31,Daru,PG,-9.0763,143.2092,26.93,80,90,5.27,overcast clouds
32,Brae,GB,60.3964,-1.353,11.62,73,38,4.22,scattered clouds
33,Itoman,JP,26.1247,127.6694,21.01,92,75,10.29,moderate rain
34,Tuktoyaktuk,CA,69.4541,-133.0374,-7.0,86,100,5.66,overcast clouds
35,Pisco,PE,-13.7,-76.2167,16.68,88,100,2.57,mist
36,Mataura,NZ,-46.1927,168.8643,11.38,80,100,3.18,overcast clouds
37,Lawrenceville,US,33.9562,-83.988,19.83,91,75,2.06,moderate rain
38,Tessalit,ML,20.1986,1.0114,38.4,14,0,8.32,clear sky
39,Zyryanka,RU,65.75,150.85,8.43,89,100,4.48,light rain
40,Edd,ER,13.9297,41.6925,32.86,59,5,8.13,clear sky
41,Ocampo,MX,21.65,-101.5,14.5,79,11,1.63,few clouds
42,Sur,OM,22.5667,59.5289,33.04,54,0,1.67,clear sky
43,Yellowknife,CA,62.456,-114.3525,-0.71,86,75,1.54,broken clouds
44,Price,US,39.5994,-110.8107,5.62,41,0,3.6,clear sky
45,Iqaluit,CA,63.7506,-68.5145,-8.15,67,100,6.17,overcast clouds
46,Castro,BR,-24.7911,-50.0119,15.21,60,100,2.1,overcast clouds
47,Caconda,AO,-13.7333,15.0667,25.09,28,0,1.81,clear sky
48,Pingxiang,CN,27.6167,113.85,18.38,97,100,1.12,overcast clouds
49,Mahebourg,MU,-20.4081,57.7,25.16,73,75,4.63,broken clouds
50,Healdsburg,US,38.6105,-122.8692,16.06,57,0,5.66,clear sky
51,Bluff,NZ,-46.6,168.3333,11.56,79,91,10.87,overcast clouds
52,Srednekolymsk,RU,67.45,153.6833,11.88,59,100,2.74,overcast clouds
53,Tasiilaq,GL,65.6145,-37.6368,1.09,99,100,5.44,snow
54,Kismayo,SO,-0.3582,42.5454,28.22,76,100,7.39,overcast clouds
55,Hilo,US,19.7297,-155.09,22.38,86,100,3.13,overcast clouds
56,College,US,64.8569,-147.8028,6.99,58,20,5.66,few clouds
57,Cidreira,BR,-30.1811,-50.2056,16.8,65,0,2.48,clear sky
58,Santa Teresa,VE,10.2341,-66.6631,28.84,64,100,0.53,overcast clouds
59,Najran,SA,17.4924,44.1277,38.36,6,0,5.92,clear sky
60,Carutapera,BR,-1.195,-46.02,26.47,88,97,1.63,overcast clouds
61,Saint-Philippe,RE,-21.3585,55.7679,24.77,81,28,5.11,scattered clouds
62,Kasongo-Lunda,CD,-6.4667,16.8167,28.07,62,100,2.19,overcast clouds
63,Chapais,CA,49.7834,-74.8492,5.88,62,10,2.13,clear sky
64,Oteapan,MX,18.0,-94.65,23.79,88,75,1.03,broken clouds
65,Klaksvik,FO,62.2266,-6.589,8.51,88,98,5.65,light rain
66,Pangody,RU,65.85,74.4859,8.12,74,100,5.19,overcast clouds
67,Lompoc,US,34.6391,-120.4579,11.43,90,100,0.0,mist
68,Port Alfred,ZA,-33.5906,26.891,22.32,60,0,0.45,clear sky
69,Mubi,NG,10.2676,13.2644,37.61,10,99,4.16,overcast clouds
70,Qui Nhon,VN,13.7667,109.2333,27.18,83,99,2.62,overcast clouds
71,Dingle,PH,10.9995,122.6711,25.89,85,100,1.14,heavy intensity rain
72,Neiafu,TO,-18.65,-173.9833,26.38,83,20,5.14,few clouds
73,Kodiak,US,57.79,-152.4072,6.73,87,100,6.69,light rain
74,Kitimat,CA,54.0524,-128.6534,8.28,25,100,1.46,moderate rain
75,Vaini,TO,-21.2,-175.2,24.09,100,20,2.06,few clouds
76,Brownwood,US,31.7093,-98.9912,17.62,85,100,4.12,overcast clouds
77,Cherskiy,RU,68.75,161.3,11.09,53,98,4.03,overcast clouds
78,Tamandare,BR,-8.7597,-35.1047,27.3,73,28,7.18,scattered clouds
79,Pa Sang,TH,18.5262,98.9394,28.11,67,74,4.37,broken clouds
80,Smithers,CA,54.7804,-127.1743,8.18,66,100,1.03,overcast clouds
81,Verkhoyansk,RU,67.5447,133.385,8.03,64,42,2.21,scattered clouds
82,Macamic,CA,48.7502,-78.9996,7.03,69,16,2.34,few clouds
83,Nchelenge,ZM,-9.3451,28.734,27.54,52,57,2.89,broken clouds
84,Saint George,US,37.1041,-113.5841,17.33,28,0,3.6,clear sky
85,Nemuro,JP,43.3236,145.575,8.04,85,100,8.81,overcast clouds
86,Kaeo,NZ,-35.1,173.7833,10.8,77,78,2.07,broken clouds
87,Fortuna,US,40.5982,-124.1573,9.96,94,100,0.0,overcast clouds
88,Kaitangata,NZ,-46.2817,169.8464,10.87,77,64,6.34,broken clouds
89,Saskylakh,RU,71.9167,114.0833,-1.6,92,94,5.09,overcast clouds
90,Ahipara,NZ,-35.1667,173.1667,12.62,69,64,1.92,broken clouds
91,Kadhan,PK,24.481,68.9859,38.76,18,0,11.44,clear sky
92,Fez,MA,34.0372,-4.9998,31.14,25,0,2.57,clear sky
93,Saint-Augustin,CA,51.226,-58.6502,10.32,70,93,9.68,overcast clouds
94,Busselton,AU,-33.65,115.3333,16.73,80,86,13.48,overcast clouds
95,Washington,US,47.5001,-120.5015,12.16,69,80,1.92,broken clouds
96,Puerto Ayora,EC,-0.7393,-90.3518,22.53,98,44,0.45,scattered clouds
97,Zhelyabovka,UA,45.3988,34.7578,15.23,68,100,4.19,light rain
98,Zhezkazgan,KZ,47.8043,67.7144,23.99,15,0,7.0,clear sky
99,Belaya,UA,49.029,25.7706,15.33,63,90,4.8,light rain
100,Chuy,UY,-33.6971,-53.4616,14.52,76,51,2.26,broken clouds
101,Balkhash,KZ,46.844,74.9804,19.03,30,100,2.12,overcast clouds
102,Verkh-Usugli,RU,52.7,115.1667,6.45,81,10,2.25,clear sky
103,Champasak,LA,14.75,106.0,23.19,98,100,0.78,light rain
104,Malatya,TR,38.5,38.0,21.03,31,75,8.75,broken clouds
105,Tekirdag,TR,40.978,27.5085,23.64,50,16,1.63,few clouds
106,Bethel,US,41.3712,-73.414,17.86,64,0,7.72,clear sky
107,Cabo San Lucas,MX,22.8909,-109.9124,21.61,74,4,1.79,clear sky
108,Port-Gentil,GA,-0.7193,8.7815,27.98,69,20,6.17,few clouds
109,Ilulissat,GL,69.2167,-51.1,2.36,63,86,8.09,overcast clouds
110,Dakar,SN,14.6937,-17.4441,26.49,61,75,5.14,broken clouds
111,Tondano,ID,1.3038,124.9112,21.05,93,78,0.3,broken clouds
112,Ketchikan,US,55.3422,-131.6461,8.26,100,100,4.12,light rain
113,Havre De Grace,US,39.5493,-76.0916,18.43,67,75,4.63,broken clouds
114,Nikolskoye,RU,59.7035,30.7861,16.6,43,11,4.7,few clouds
115,Brookhaven,US,31.5791,-90.4407,21.81,99,100,1.32,overcast clouds
116,Lata,PT,40.1629,-8.3327,20.04,45,76,5.77,broken clouds
117,Dikson,RU,73.5069,80.5464,-4.13,79,7,4.94,clear sky
118,Abomsa,ET,9.9833,39.9833,35.55,9,11,7.19,few clouds
119,Avarua,CK,-21.2078,-159.775,26.03,89,75,2.06,broken clouds
120,Henties Bay,NA,-22.116,14.2845,21.37,44,5,4.2,clear sky
121,Tura,IN,25.5198,90.2201,24.04,86,2,1.61,clear sky
122,San Cristobal,VE,7.7669,-72.225,23.1,63,19,3.16,few clouds
123,Qaqortoq,GL,60.7167,-46.0333,1.48,81,100,3.67,overcast clouds
124,Atar,MR,20.5169,-13.0499,41.21,10,71,5.23,broken clouds
125,Balikpapan,ID,-1.2675,116.8289,27.55,89,20,0.0,few clouds
126,Norman Wells,CA,65.282,-126.8329,1.02,93,75,0.0,broken clouds
127,Evensk,RU,61.95,159.2333,3.9,84,35,1.96,scattered clouds
128,Kavieng,PG,-2.5744,150.7967,28.27,71,100,7.33,overcast clouds
129,Oussouye,SN,12.485,-16.5469,32.1,40,2,4.63,clear sky
130,Constitucion,CL,-35.3333,-72.4167,11.89,91,100,0.86,overcast clouds
131,Bathsheba,BB,13.2167,-59.5167,29.34,70,40,7.2,scattered clouds
132,Cayenne,GF,4.9333,-52.3333,28.02,1,100,0.51,overcast clouds
133,Bulolo,PG,-7.2,146.65,20.89,98,34,0.97,scattered clouds
134,Quatre Cocos,MU,-20.2078,57.7625,25.06,73,64,7.22,broken clouds
135,Beira,MZ,-19.8436,34.8389,24.05,60,40,1.54,scattered clouds
136,Khomeyn,IR,33.6423,50.0789,27.99,11,4,13.62,clear sky
137,Westport,US,41.1415,-73.3579,18.56,57,0,8.23,clear sky
138,Dahra,DZ,36.2546,0.8519,29.66,38,10,6.15,clear sky
139,Zhigansk,RU,66.7697,123.3711,7.78,73,100,2.98,overcast clouds
140,Broome,US,42.2506,-75.833,13.81,75,94,3.13,overcast clouds
141,Santa Isabel Do Rio Negro,BR,-0.4139,-65.0192,24.92,89,100,1.63,overcast clouds
142,Praya,CV,14.9215,-23.5087,27.3,47,20,8.23,few clouds
143,Bairiki,KI,1.3292,172.9752,27.0,89,40,2.57,light rain
144,Saldanha,ZA,-33.0117,17.9442,21.03,76,99,2.39,overcast clouds
145,Ayorou,NE,14.7308,0.9174,33.38,28,100,6.69,overcast clouds
146,Moroni,KM,-11.7022,43.2551,26.8,78,38,1.24,light rain
147,Dunedin,NZ,-45.8742,170.5036,12.67,51,6,2.24,clear sky
148,Laguna,US,38.421,-121.4238,17.27,75,0,1.54,clear sky
149,Kurumkan,RU,54.3,110.3,12.24,61,100,2.76,overcast clouds
150,Harper,LR,4.375,-7.7169,26.76,80,44,2.51,light rain
151,Adrar,MR,20.5022,-10.0711,40.4,8,5,2.19,clear sky
152,Mehamn,NO,71.0357,27.8492,7.95,71,43,4.27,scattered clouds
153,Flinders,AU,-34.5833,150.8552,14.54,91,100,1.34,light rain
154,Koslan,RU,63.4564,48.8989,3.2,95,100,3.14,light rain
155,Rio Grande,BR,-32.035,-52.0986,12.06,75,0,3.09,clear sky
156,Ames,US,42.0347,-93.6199,12.28,57,0,4.63,clear sky
157,Port-Cartier,CA,50.0334,-66.8654,8.19,53,25,5.8,scattered clouds
158,Aras,ES,42.5617,-2.356,23.23,41,40,4.63,scattered clouds
159,Gizo,SB,-8.103,156.8419,28.03,75,17,2.1,few clouds
160,Nouakchott,MR,18.0858,-15.9785,19.96,76,22,7.64,few clouds
161,Puri,IN,19.8,85.85,31.29,85,76,5.1,broken clouds
162,Vila Velha,BR,-20.3297,-40.2925,23.97,69,75,1.03,broken clouds
163,Amahai,ID,-3.3333,128.9167,26.4,84,93,0.83,light rain
164,Ponta Do Sol,PT,32.6667,-17.1,25.4,66,0,1.33,clear sky
165,Sitka,US,57.0531,-135.33,8.94,81,100,3.6,light rain
166,Kenai,US,60.5544,-151.2583,5.08,89,0,1.54,clear sky
167,Kapaa,US,22.0752,-159.319,22.99,93,75,5.66,broken clouds
168,Georgetown,MY,5.4112,100.3354,30.53,79,20,1.03,few clouds
169,Tual,ID,-5.6667,132.75,28.2,78,23,7.06,few clouds
170,New Norfolk,AU,-42.7826,147.0587,7.62,86,4,0.88,clear sky
171,Madison,US,34.7334,-86.5667,20.74,97,100,5.36,light rain
172,Oil City,US,41.4339,-79.7064,13.22,81,40,2.57,scattered clouds
173,Mersing,MY,2.4312,103.8405,26.95,89,40,2.06,scattered clouds
174,Grand Gaube,MU,-20.0064,57.6608,25.22,78,60,0.89,light rain
175,Guerrero Negro,MX,27.9769,-114.0611,14.15,91,1,3.85,clear sky
176,Yar-Sale,RU,66.8333,70.8333,4.19,95,100,5.63,light rain
177,Hofn,IS,64.2539,-15.2082,7.01,93,100,3.6,light intensity drizzle
178,Sovetskiy,RU,61.3614,63.5842,9.41,50,98,4.11,overcast clouds
179,Ambunti,PG,-4.2365,142.8448,23.55,98,95,1.05,overcast clouds
180,Nouadhibou,MR,20.931,-17.0347,21.99,73,2,9.26,clear sky
181,Bengkulu,ID,-3.8004,102.2655,26.96,79,100,1.55,overcast clouds
182,Rawson,AR,-43.3002,-65.1023,7.78,50,81,7.03,broken clouds
183,Pacific Grove,US,36.6177,-121.9166,9.81,89,1,2.24,clear sky
184,East London,ZA,-33.0153,27.9116,21.52,68,0,1.54,clear sky
185,Ardahan,TR,41.1087,42.7022,5.52,97,100,1.79,light rain
186,Burnie,AU,-41.0667,145.9167,8.3,83,6,2.36,clear sky
187,Novopavlovka,RU,51.2172,109.2091,8.27,52,0,2.55,clear sky
188,Severo-Kurilsk,RU,50.6789,156.125,4.85,98,100,6.76,overcast clouds
189,Salalah,OM,17.0151,54.0924,31.05,74,75,6.17,broken clouds
190,Manacor,ES,39.5696,3.2096,31.49,58,6,3.98,clear sky
191,Parnarama,BR,-5.6817,-43.0933,29.72,51,3,3.11,clear sky
192,Meybod,IR,32.2501,54.0166,36.01,6,0,4.93,clear sky
193,Ancud,CL,-41.8697,-73.8203,9.22,77,100,7.96,light rain
194,Dawlatabad,AF,36.4141,64.9053,26.57,16,0,5.54,clear sky
195,Olafsvik,IS,64.8945,-23.7142,6.56,75,74,2.72,broken clouds
196,Bambous Virieux,MU,-20.3428,57.7575,25.14,73,75,4.63,broken clouds
197,Mutis,CO,6.2262,-77.4044,25.99,89,100,2.35,light rain
198,Puerto Escondido,MX,15.85,-97.0667,24.46,83,40,3.09,scattered clouds
199,Lagoa,PT,39.05,-27.9833,16.43,87,100,6.49,overcast clouds
200,Shingu,JP,33.7333,135.9833,17.32,69,100,2.48,overcast clouds
201,Port Keats,AU,-14.25,129.55,25.44,65,85,1.96,overcast clouds
202,Port Elizabeth,ZA,-33.918,25.5701,22.16,64,0,2.06,clear sky
203,Namatanai,PG,-3.6667,152.4333,26.6,81,20,3.72,few clouds
204,Chapaevsk,RU,52.9813,49.7112,10.66,68,100,2.82,overcast clouds
205,Kamina,CD,-8.7386,24.9906,28.37,38,36,2.65,scattered clouds
206,Stettler,CA,52.3168,-112.7186,8.62,61,83,4.12,broken clouds
207,Sehithwa,BW,-20.4667,22.7167,23.66,21,0,1.61,clear sky
208,Moerai,PF,-22.4333,-151.3333,25.27,67,1,0.78,clear sky
209,Tazovskiy,RU,67.4667,78.7,5.36,88,100,7.19,overcast clouds
210,Nador,MA,35.174,-2.9287,32.04,42,0,7.72,clear sky
211,Yago,MX,21.8333,-105.0667,24.41,62,0,0.36,clear sky
212,Soma,TR,39.1855,27.6094,28.53,37,85,1.38,overcast clouds
213,Berlevag,NO,70.8578,29.0864,7.97,66,40,5.66,scattered clouds
214,Torbay,CA,47.6666,-52.7314,19.43,27,20,10.29,few clouds
215,Baykit,RU,61.67,96.37,16.47,52,5,1.15,clear sky
216,Piopio,NZ,-38.4667,175.0167,6.13,98,8,0.44,clear sky
217,Qeshm,IR,26.9581,56.2719,36.94,49,0,4.38,clear sky
218,Hasaki,JP,35.7333,140.8333,14.22,75,56,1.82,broken clouds
219,Merauke,ID,-8.4667,140.3333,26.07,83,10,5.88,clear sky
220,Luwuk,ID,-0.9516,122.7875,25.67,90,51,0.62,broken clouds
221,Port Hawkesbury,CA,45.6169,-61.3485,14.77,95,100,5.14,fog
222,Aklavik,CA,68.2191,-135.0107,-2.39,79,85,3.37,overcast clouds
223,Khatanga,RU,71.9667,102.5,-1.44,85,61,5.18,broken clouds
224,Airai,TL,-8.9266,125.4092,15.23,84,91,1.2,overcast clouds
225,Qaanaaq,GL,77.484,-69.3632,1.52,78,98,1.71,overcast clouds
226,Usinsk,RU,65.9939,57.5281,1.96,100,100,1.91,overcast clouds
227,Mount Isa,AU,-20.7333,139.5,15.87,63,0,2.57,clear sky
228,Thompson,CA,55.7435,-97.8558,10.09,46,75,4.12,broken clouds
229,Hopewell,US,37.3043,-77.2872,22.33,71,100,3.99,overcast clouds
230,Aswan,EG,24.0934,32.907,36.61,11,0,5.14,clear sky
231,Tenenkou,ML,14.4572,-4.9169,36.66,27,73,5.44,broken clouds
232,Isoka,ZM,-10.1606,32.6335,24.0,53,94,2.6,overcast clouds
233,Souillac,MU,-20.5167,57.5167,25.21,73,75,4.63,broken clouds
234,Necochea,AR,-38.5473,-58.7368,12.72,65,100,2.82,overcast clouds
235,Codrington,AU,-38.2667,141.9667,9.79,82,3,3.22,clear sky
236,Sassandra,CI,4.95,-6.0833,27.27,78,61,3.28,light rain
237,Faya,SA,18.3851,42.4509,28.29,26,1,6.42,clear sky
238,Siedlce,PL,52.1677,22.2901,16.68,55,98,2.6,overcast clouds
239,Ibimirim,BR,-8.5406,-37.6903,27.07,55,44,7.55,scattered clouds
240,Somerset East,ZA,-32.7217,25.588,21.76,36,36,2.25,scattered clouds
241,Simbahan,PH,6.3032,120.5836,27.98,75,93,1.06,overcast clouds
242,Paamiut,GL,61.994,-49.6678,0.45,88,100,5.28,light snow
243,Zastron,ZA,-30.3023,27.084,15.27,45,27,3.55,scattered clouds
244,Fort Nelson,CA,58.8053,-122.7002,4.77,81,75,2.06,broken clouds
245,Paranaiba,BR,-19.6772,-51.1908,22.0,39,80,2.35,broken clouds
246,Rudbar,AF,30.15,62.6,32.49,6,0,5.75,clear sky
247,Numan,NG,9.4667,12.0333,35.14,47,95,6.35,overcast clouds
248,Blackwater,AU,-23.5833,148.8833,16.66,84,75,3.37,broken clouds
249,Portland,US,45.5234,-122.6762,13.45,76,75,1.54,broken clouds
250,Kieta,PG,-6.2167,155.6333,26.0,84,49,1.29,scattered clouds
251,Aguada De Pasajeros,CU,22.385,-80.8508,28.82,60,100,4.53,overcast clouds
252,Monrovia,LR,6.3005,-10.7969,27.31,78,98,4.52,light rain
253,Charters Towers,AU,-20.1,146.2667,19.67,73,100,5.6,overcast clouds
254,Klyuchi,RU,52.2667,79.1667,18.22,32,0,1.87,clear sky
255,Tuatapere,NZ,-46.1333,167.6833,10.24,83,85,4.6,overcast clouds
256,Bayir,TR,37.2687,28.2167,24.29,30,3,5.84,clear sky
257,Pochutla,MX,15.7432,-96.4661,23.9,53,1,1.48,clear sky
258,Vostok,RU,46.4856,135.8833,9.09,87,90,2.62,overcast clouds
259,Hithadhoo,MV,-0.6,73.0833,29.05,73,21,4.58,few clouds
260,Vanavara,RU,60.34,102.2797,13.73,62,26,2.06,scattered clouds
261,La Ronge,CA,55.1001,-105.2842,8.14,81,100,4.12,overcast clouds
262,Fenoarivo,MG,-18.933,47.4354,22.04,56,40,5.14,scattered clouds
263,Faanui,PF,-16.4833,-151.75,27.03,73,15,6.15,light rain
264,Coihaique,CL,-45.5752,-72.0662,1.97,87,100,4.63,overcast clouds
265,Christchurch,NZ,-43.5333,172.6333,5.23,91,0,1.54,clear sky
266,Haines Junction,CA,60.7522,-137.5108,0.97,80,100,0.51,overcast clouds
267,Bonthe,SL,7.5264,-12.505,29.39,70,98,4.85,light rain
268,Kankakee,US,41.15,-87.8667,13.84,68,8,4.84,clear sky
269,Camacha,PT,33.0833,-16.3333,17.68,94,75,6.69,light intensity shower rain
270,Samarai,PG,-10.6167,150.6667,27.78,77,32,3.8,scattered clouds
271,Yarada,IN,17.65,83.2667,34.18,62,20,2.57,haze
272,Angoche,MZ,-16.2325,39.9086,26.91,71,3,3.85,clear sky
273,Mareeba,AU,-17.0,145.4333,21.4,92,31,0.94,scattered clouds
274,Beloha,MG,-25.1667,45.05,25.9,35,2,2.88,clear sky
275,Narsaq,GL,60.9167,-46.05,5.12,84,100,1.21,overcast clouds
276,Luga,RU,58.7372,29.8453,15.01,50,59,4.17,broken clouds
277,Moron,AR,-34.6534,-58.6198,16.1,77,77,1.42,broken clouds
278,Garden City,US,42.3256,-83.331,13.41,60,100,5.66,overcast clouds
279,Kruisfontein,ZA,-34.0033,24.7314,19.94,61,34,4.53,scattered clouds
280,Redmond,US,47.674,-122.1215,12.83,75,91,0.89,overcast clouds
281,Hoquiam,US,46.9809,-123.8893,11.67,86,100,2.06,overcast clouds
282,Touros,BR,-5.1989,-35.4608,28.58,68,28,6.62,light rain
283,Half Moon Bay,US,37.4636,-122.4286,13.88,80,0,3.6,mist
284,Provideniya,RU,64.3833,-173.3,6.43,58,100,1.31,overcast clouds
285,Gorontalo,ID,0.5412,123.0595,24.27,96,100,1.32,overcast clouds
286,Khandbari,NP,27.3747,87.2039,21.54,77,35,0.74,scattered clouds
287,Xinqing,CN,48.2333,129.5,12.92,97,100,0.78,moderate rain
288,Saint-Francois,FR,46.4154,3.9054,20.93,68,75,3.6,light rain
289,Broken Hill,AU,-31.95,141.4333,13.73,70,0,3.95,clear sky
290,Bulawayo,ZW,-20.15,28.5833,21.11,22,0,3.23,clear sky
291,San Patricio,US,28.017,-97.5169,25.92,71,59,3.98,broken clouds
292,Alofi,NU,-19.0595,-169.9187,20.94,94,40,0.51,scattered clouds
293,Vardo,NO,70.3705,31.1107,3.99,81,75,6.17,broken clouds
294,Shimoda,JP,34.6667,138.95,17.96,84,100,3.1,overcast clouds
295,Maningrida,AU,-12.0667,134.2667,25.07,76,100,4.97,overcast clouds
296,Luwingu,ZM,-10.2621,29.9271,25.18,41,94,1.73,overcast clouds
297,Chokurdakh,RU,70.6333,147.9167,0.08,95,100,0.83,overcast clouds
298,Ha Giang,VN,22.8333,104.9833,22.35,99,100,0.9,overcast clouds
299,Brownsville,US,25.9018,-97.4975,27.17,91,0,3.09,clear sky
300,Tuxpan,MX,19.55,-103.4,15.87,63,38,1.17,scattered clouds
301,Sakakah,SA,29.9697,40.2064,30.76,14,0,8.71,clear sky
302,Duluth,US,46.7833,-92.1066,10.75,60,100,4.63,overcast clouds
303,Sambava,MG,-14.2667,50.1667,25.22,73,10,6.29,clear sky
304,Thinadhoo,MV,0.5333,72.9333,29.02,75,99,5.55,overcast clouds
305,Arraial Do Cabo,BR,-22.9661,-42.0278,24.98,57,0,5.14,clear sky
306,Pak Phanang,TH,8.3511,100.202,30.01,78,97,2.7,overcast clouds
307,Bilibino,RU,68.0546,166.4372,5.87,69,75,1.11,broken clouds
308,Port Lincoln,AU,-34.7333,135.8667,17.19,67,64,5.19,broken clouds
309,Mercedes,AR,-34.6515,-59.4307,14.88,71,100,2.27,overcast clouds
310,La Rioja,ES,42.25,-2.5,20.88,40,88,2.41,overcast clouds
311,Denia,ES,38.8408,0.1057,33.13,54,12,5.04,few clouds
312,Walvis Bay,NA,-22.9575,14.5053,20.05,34,86,4.09,overcast clouds
313,Santander,ES,43.4647,-3.8044,15.89,90,75,6.69,light intensity drizzle
314,Gezing,AT,47.9178,13.1299,25.62,79,20,2.06,few clouds
315,Chadiza,ZM,-14.0678,32.4392,24.62,51,94,1.35,overcast clouds
316,Husavik,IS,66.0449,-17.3389,4.36,86,96,2.07,overcast clouds
317,Pontianak,ID,-0.0333,109.3333,28.99,84,40,0.0,scattered clouds
318,Ghorawal,IN,24.7667,82.7833,34.7,18,0,4.03,clear sky
319,Vao,NC,-22.6667,167.4833,22.82,75,100,9.85,overcast clouds
320,Pathein,MM,16.7833,94.7333,24.28,93,100,1.18,moderate rain
321,Tautira,PF,-17.7333,-149.15,26.34,75,31,6.7,light rain
322,Whyalla,AU,-33.0333,137.5833,17.11,60,2,4.53,clear sky
323,Marsh Harbour,BS,26.5412,-77.0636,26.11,74,7,6.84,clear sky
324,Port Macquarie,AU,-31.4333,152.9167,13.27,83,42,0.7,scattered clouds
325,Marystown,CA,47.1666,-55.1483,12.7,100,36,3.13,scattered clouds
326,Surt,LY,31.2089,16.5887,26.25,34,0,5.77,clear sky
327,Santiago,CL,-33.4569,-70.6483,16.25,55,100,5.66,overcast clouds
328,Blagoyevo,RU,63.3667,47.9167,4.3,84,100,3.48,overcast clouds
329,Ajra,IN,16.1167,74.2,25.11,79,83,3.32,broken clouds
330,Makakilo City,US,21.3469,-158.0858,23.18,71,0,4.12,clear sky
331,Tarsus,TR,36.9188,34.8784,28.21,50,1,4.85,clear sky
332,Yomou,GN,7.5603,-9.2653,25.69,87,90,1.45,moderate rain
333,Mar Del Plata,AR,-38.0023,-57.5575,12.19,83,100,3.09,light rain
334,Victoria,HK,22.2855,114.1577,25.54,93,100,8.49,overcast clouds
335,Barabai,ID,-2.5833,115.3833,24.25,94,99,1.03,overcast clouds
336,Balkanabat,TM,39.5108,54.3671,35.41,9,33,4.73,scattered clouds
337,Lebanon,US,36.2081,-86.2911,17.89,85,100,4.96,light rain
338,Chau Doc,VN,10.7,105.1167,26.08,84,100,1.68,overcast clouds
339,Shaunavon,CA,49.6501,-108.4181,8.88,36,2,1.58,clear sky
340,Tigzirt,DZ,36.8886,4.1198,25.26,60,45,4.42,scattered clouds
341,Teresina,BR,-5.0892,-42.8019,27.84,69,40,4.12,scattered clouds
342,Muros,ES,42.7762,-9.0603,17.83,70,29,6.52,scattered clouds
343,Kavaratti,IN,10.5669,72.642,28.58,81,100,7.12,overcast clouds
344,Menzelinsk,RU,55.7271,53.1026,8.67,57,96,4.36,overcast clouds
345,Yulara,AU,-25.2406,130.9889,19.56,37,100,3.64,overcast clouds
346,Petit-Canal,GP,16.3784,-61.4879,30.0,100,75,4.12,broken clouds
347,Ygatimi,PY,-24.0833,-55.5,22.03,49,75,2.42,broken clouds
348,Mackay,AU,-21.15,149.2,19.82,90,51,6.38,broken clouds
349,Mutoko,ZW,-17.397,32.2268,24.08,16,1,2.49,clear sky
350,Okakarara,NA,-20.5833,17.4333,23.45,19,2,3.45,clear sky
351,Bardiyah,LY,31.7561,25.0865,24.69,40,0,7.62,clear sky
352,Kapit,MY,2.0167,112.9333,26.76,78,100,0.85,overcast clouds
353,Shar,KZ,49.5886,81.0453,15.99,37,7,3.79,clear sky
354,Nhamunda,BR,-2.1861,-56.7131,28.85,70,95,0.74,overcast clouds
355,Poshekhonye,RU,58.4993,39.1353,6.99,52,100,4.15,overcast clouds
356,Praia Da Vitoria,PT,38.7333,-27.0667,18.2,88,75,4.43,light intensity drizzle
357,Wanning,CN,18.8003,110.3967,26.54,93,100,2.14,overcast clouds
358,Richards Bay,ZA,-28.783,32.0377,19.52,80,100,5.89,overcast clouds
359,Eichstatt,DE,48.8833,11.1833,24.36,47,75,2.06,heavy intensity rain
360,Kuytun,RU,54.3419,101.5036,11.28,52,0,2.19,clear sky
361,Lao Cai,VN,22.4833,103.95,22.3,99,100,0.35,overcast clouds
362,Lebedinyy,RU,58.5167,125.5167,3.77,73,7,0.88,clear sky
363,Esperance,AU,-33.8667,121.9,15.91,77,100,8.64,moderate rain
364,Alenquer,BR,-1.9417,-54.7383,26.34,88,67,2.14,broken clouds
365,Severiano Melo,BR,-5.7772,-37.9578,29.82,49,5,4.39,clear sky
366,Marrakesh,MA,31.6315,-8.0083,32.04,35,40,2.57,scattered clouds
367,Ishigaki,JP,24.3448,124.1572,25.07,94,75,3.09,broken clouds
368,Salinopolis,BR,-0.6136,-47.3561,26.15,85,99,2.79,overcast clouds
369,George,ZA,-33.963,22.4617,17.75,68,20,3.6,few clouds
370,Aitape,PG,-3.1374,142.3475,25.93,88,99,2.17,overcast clouds
371,Kintampo,GH,8.0563,-1.7306,26.96,59,98,1.87,overcast clouds
372,Krasnoborsk,RU,61.5598,45.934,2.74,94,100,1.76,overcast clouds
373,Seymchan,RU,62.8833,152.4333,6.84,74,30,7.42,scattered clouds
374,Lixourion,GR,38.2019,20.4314,22.0,88,40,0.0,scattered clouds
375,Mutum,BR,-19.8,-41.4383,24.55,53,2,1.24,clear sky
376,Talnakh,RU,69.4865,88.3972,2.34,100,100,0.68,overcast clouds
377,Manyana,BW,-23.4,21.7167,20.9,29,0,2.42,clear sky
378,Talpa,MX,28.8257,-111.6257,22.52,49,0,3.81,clear sky
379,Khalkhal,IR,37.6189,48.5258,20.03,35,100,12.97,overcast clouds
380,Lokomotivnyy,RU,53.0118,60.5684,12.08,91,100,6.74,moderate rain
381,Shahrud,IR,36.4182,54.9763,27.55,11,2,5.41,clear sky
382,Kindu,CD,-2.95,25.95,25.21,83,100,0.57,overcast clouds
383,Sobolevo,RU,54.4299,31.8996,13.06,45,3,4.71,clear sky
384,Gornyy,RU,55.1153,83.9059,13.71,50,0,2.09,clear sky
385,Longyearbyen,SJ,78.2186,15.6401,3.91,70,75,5.14,broken clouds
386,Khasan,RU,42.4308,130.6434,10.93,96,100,1.96,overcast clouds
387,Hjelset,NO,62.7833,7.4833,16.88,55,75,5.66,broken clouds
388,Petropavlovsk-Kamchatskiy,RU,53.0452,158.6483,5.33,100,100,2.0,overcast clouds
389,Chernyshevskiy,RU,63.0128,112.4714,14.05,50,100,3.12,overcast clouds
390,Antsohihy,MG,-14.8796,47.9875,28.75,48,22,2.17,few clouds
391,Zerbst,DE,51.9667,12.0833,25.18,43,88,6.04,overcast clouds
392,Deputatskiy,RU,69.3,139.9,-5.74,95,28,1.41,scattered clouds
393,Pogranichnyy,RU,44.4064,131.3769,12.08,95,100,1.13,overcast clouds
394,Aguimes,ES,27.9054,-15.4461,22.35,60,20,13.89,few clouds
395,Pevek,RU,69.7008,170.3133,2.18,81,64,5.04,broken clouds
396,Lukovetskiy,RU,64.2956,41.9211,2.02,80,100,5.8,light rain
397,Asau,RO,46.4333,26.4,16.64,55,85,2.24,overcast clouds
398,Kosh-Agach,RU,50.0,88.6667,16.91,49,56,3.36,broken clouds
399,Mitsamiouli,KM,-11.3847,43.2844,26.68,75,35,1.24,light rain
400,Fairbanks,US,64.8378,-147.7164,7.0,58,0,5.66,clear sky
401,Sawakin,SD,19.1059,37.3321,30.77,46,2,6.63,clear sky
402,Camargo,MX,27.6667,-105.1667,20.92,57,11,2.51,few clouds
403,Ouallam,NE,14.3188,2.0866,35.6,29,94,5.23,overcast clouds
404,Geraldton,AU,-28.7667,114.6,18.23,77,40,9.77,scattered clouds
405,Port Augusta,AU,-32.5,137.7667,15.31,60,2,2.85,clear sky
406,Wajir,KE,1.7471,40.0573,34.98,41,40,1.03,scattered clouds
407,Aginskoye,RU,51.1,114.53,9.21,58,15,2.95,few clouds
408,Uige,AO,-7.6087,15.0613,27.01,57,20,3.09,few clouds
409,Fram,PY,-26.9833,-55.8833,16.33,63,0,2.48,clear sky
410,Nome,US,64.5011,-165.4064,4.04,81,0,0.0,clear sky
411,Luchegorsk,RU,46.4764,134.2569,13.28,74,71,2.68,broken clouds
412,Clyde River,CA,70.4692,-68.5914,-8.87,67,0,8.75,clear sky
413,Isangel,VU,-19.55,169.2667,25.28,86,9,4.22,clear sky
414,Mahon,ES,39.8885,4.2658,24.31,73,20,4.12,few clouds
415,Pedasi,PA,7.5333,-80.0333,30.59,74,100,2.97,overcast clouds
416,Manaure,CO,11.7751,-72.4445,29.54,61,92,10.63,overcast clouds
417,Ayr,GB,55.4627,-4.6339,15.73,67,75,3.09,broken clouds
418,Visby,SE,57.6409,18.296,16.7,54,0,4.63,clear sky
419,Altamira,BR,-3.2033,-52.2064,26.05,89,75,1.03,broken clouds
420,Tacoronte,ES,28.4769,-16.4102,22.47,72,40,6.26,scattered clouds
421,Cooma,AU,-36.2333,149.1333,3.87,100,100,0.0,overcast clouds
422,Malakwal,PK,32.5536,73.2123,21.76,65,100,5.88,overcast clouds
423,Leningradskiy,RU,69.3833,178.4167,-0.85,91,83,2.48,broken clouds
424,Kargasok,RU,59.0556,80.8572,15.31,46,100,4.68,overcast clouds
425,Dauriya,RU,49.9333,116.8667,11.19,60,97,6.71,overcast clouds
426,Caravelas,BR,-17.7125,-39.2481,25.01,63,44,3.4,scattered clouds
427,Zeya,RU,53.75,127.2667,4.78,95,100,3.47,overcast clouds
428,Malindi,KE,-3.2175,40.1191,27.48,78,22,7.69,few clouds
429,Beringovskiy,RU,63.05,179.3167,2.1,83,100,1.52,overcast clouds
430,Timbo,BR,-26.8233,-49.2717,20.32,77,100,0.54,overcast clouds
431,Pouebo,NC,-20.4,164.5667,22.23,80,100,1.74,overcast clouds
432,Payson,US,40.0444,-111.7321,9.67,56,40,0.89,scattered clouds
433,Namibe,AO,-15.1961,12.1522,24.37,58,0,4.88,clear sky
434,Muisne,EC,0.6,-80.0333,24.89,89,100,5.12,light rain
435,Acapulco,MX,16.8634,-99.8901,25.9,83,75,1.54,broken clouds
436,Luderitz,NA,-26.6481,15.1594,20.98,49,67,2.62,broken clouds
437,Narasannapeta,IN,18.4167,84.05,31.52,69,94,4.48,overcast clouds
438,Nishihara,JP,26.1842,127.7558,20.6,94,100,10.29,mist
439,Batagay-Alyta,RU,67.8006,130.4114,0.14,85,67,1.56,broken clouds
440,Micheweni,TZ,-4.9667,39.8333,27.98,75,41,5.94,scattered clouds
441,Axim,GH,4.8699,-2.2405,28.93,66,92,3.69,light rain
442,Hailin,CN,44.5833,129.4167,14.24,81,18,2.36,light rain
443,Sabha,LY,27.0377,14.4283,36.14,6,49,4.82,scattered clouds
444,Hamilton,US,39.1834,-84.5333,13.18,67,100,5.66,overcast clouds
445,Tezu,IN,27.9167,96.1667,24.62,86,14,1.8,few clouds
446,Lodja,CD,-3.4833,23.4333,23.78,91,100,1.59,moderate rain
447,Ambon,ID,-3.6954,128.1814,25.08,94,40,2.06,moderate rain
448,Hashtrud,IR,37.4779,47.0508,20.5,32,2,12.62,clear sky
449,Kysyl-Syr,RU,63.8986,122.7617,9.66,83,100,1.96,light rain
450,Tahe,CN,52.3333,124.7333,4.81,94,91,1.52,overcast clouds
451,Esterhazy,CA,50.65,-102.0843,9.47,54,53,5.61,broken clouds
452,Nanchang,CN,28.6833,115.8833,18.4,91,97,1.49,overcast clouds
453,Santiago De Cao,PE,-7.9589,-79.2392,16.07,88,75,3.09,mist
454,Vestmannaeyjar,IS,63.4427,-20.2734,10.55,81,75,5.14,broken clouds
455,Hualmay,PE,-11.0964,-77.6139,18.87,77,43,3.91,scattered clouds
456,Kanniyakumari,IN,8.0833,77.5667,27.73,81,92,9.23,overcast clouds
457,Bukoba,TZ,-1.3317,31.8122,24.39,64,15,1.97,few clouds
458,Navur,AM,40.8669,45.3418,9.27,98,100,2.76,overcast clouds
459,Lubango,AO,-14.9172,13.4925,25.92,11,0,3.09,clear sky
460,Laramie,US,41.3114,-105.5911,1.54,96,100,4.63,snow
461,Bubaque,GW,11.2833,-15.8333,25.36,73,100,5.4,overcast clouds
462,Abu Dhabi,AE,24.4667,54.3667,35.06,67,0,4.12,clear sky
463,Svetlaya,RU,46.5389,138.3297,4.94,91,9,0.34,clear sky
464,Kushmurun,KZ,52.4503,64.6311,21.93,42,60,7.46,broken clouds
465,Meulaboh,ID,4.1363,96.1285,26.91,81,98,1.07,overcast clouds
466,Bud,US,39.447,-86.1758,12.97,65,100,5.6,overcast clouds
467,Kashi,CN,39.4547,75.9797,15.56,67,75,6.0,broken clouds
468,Keetmanshoop,NA,-26.5833,18.1333,23.22,22,58,3.96,broken clouds
469,Sao Filipe,CV,14.8961,-24.4956,22.46,72,8,4.94,clear sky
470,Viransehir,TR,37.2353,39.7631,26.94,23,69,8.43,broken clouds
471,Dinguiraye,GN,11.3,-10.7167,34.92,26,79,3.13,broken clouds
472,Nizza Monferrato,IT,44.7738,8.3539,29.1,61,100,4.4,overcast clouds
473,Ottawa,CA,45.4112,-75.6981,12.91,61,75,2.57,broken clouds
474,Makaha,US,21.4694,-158.2175,23.95,73,75,1.54,broken clouds
475,Leh,IN,34.1667,77.5833,10.75,28,42,1.31,scattered clouds
476,Shagonar,RU,51.5333,92.8,18.23,58,50,4.39,scattered clouds
477,Zolotkovo,RU,55.5281,41.1053,10.1,44,100,4.6,overcast clouds
478,Ulaanbaatar,MN,47.9077,106.8832,16.07,36,20,7.0,few clouds
479,Vila Franca Do Campo,PT,37.7167,-25.4333,19.55,84,100,2.56,light rain
480,Buala,SB,-8.145,159.5921,27.41,79,62,2.79,broken clouds
481,Hanstholm,DK,57.1167,8.6167,19.79,67,100,6.72,overcast clouds
482,Jardim,BR,-21.4803,-56.1381,24.8,34,14,2.35,few clouds
483,Hwange,ZW,-18.3693,26.5019,25.04,17,0,1.28,clear sky
484,Peterhead,GB,57.5058,-1.7981,16.22,85,100,5.53,overcast clouds
485,Three Hills,CA,51.7001,-113.2686,7.56,49,99,2.57,overcast clouds
486,Belmonte,BR,-15.8631,-38.8828,24.04,78,82,4.32,broken clouds
487,Malakal,SS,9.5334,31.6605,38.5,20,38,1.92,scattered clouds
488,Ourinhos,BR,-22.9789,-49.8706,21.67,44,52,2.4,broken clouds
489,Beian,NO,63.6559,9.5683,17.05,51,75,5.14,broken clouds
490,Savannah Bight,HN,16.45,-85.85,27.69,63,100,6.71,overcast clouds
491,Waipawa,NZ,-41.4122,175.5153,6.68,82,0,1.38,clear sky
492,Taldan,RU,53.6667,124.8,5.6,86,24,2.2,few clouds
493,Tairua,NZ,-37.0167,175.85,10.94,80,70,2.07,broken clouds
494,Prainha,BR,-1.8,-53.48,24.42,95,99,2.9,overcast clouds
495,Vestmanna,FO,62.1564,-7.1664,7.51,93,100,3.09,light rain
496,Aksha,RU,50.2814,113.2867,9.26,62,63,1.95,broken clouds
497,Timizart,DZ,36.8,4.2667,26.96,47,54,3.86,broken clouds
498,Katsuura,JP,35.1333,140.3,16.7,79,67,2.65,broken clouds
499,Umm Kaddadah,SD,13.6017,26.6876,36.98,8,61,6.42,broken clouds
500,Khrebtovaya,RU,56.7032,104.2494,7.95,77,44,0.99,scattered clouds
501,Kilindoni,TZ,-7.9139,39.6668,26.92,78,28,5.52,scattered clouds
502,Zunyi,CN,27.6867,106.9072,15.69,92,76,1.11,broken clouds
503,Ugoofaaru,MV,5.6667,73.0,28.81,78,66,6.77,broken clouds
504,Jumla,NP,29.2747,82.1838,12.17,92,100,0.71,overcast clouds
505,Nola,IT,40.922,14.5329,28.91,57,28,3.13,scattered clouds
506,Djambala,CG,-2.5447,14.7533,24.82,67,100,1.96,overcast clouds
507,La Mira,MX,18.035,-102.3266,26.37,69,60,0.96,broken clouds
508,Formosa Do Rio Preto,BR,-11.0483,-45.1931,29.16,42,31,2.93,scattered clouds
509,Glencoe,ZA,-28.1783,30.147,15.69,50,17,2.33,few clouds
510,Komsomolskiy,UZ,40.4272,71.7189,18.4,45,100,4.12,overcast clouds
511,Marienburg,PL,54.0359,19.0266,18.82,54,62,2.68,broken clouds
512,Rusape,ZW,-18.5278,32.1284,20.31,29,0,3.08,clear sky
513,Yumen,CN,40.2833,97.2,25.98,13,100,13.85,overcast clouds
514,Ossora,RU,59.2353,163.0719,1.78,96,6,1.47,clear sky
515,Anadyr,RU,64.75,177.4833,1.28,86,0,3.0,clear sky
516,Urdoma,RU,61.7533,48.5442,3.96,82,100,0.24,overcast clouds
517,Narasapur,IN,16.45,81.6667,33.09,55,95,5.63,overcast clouds
518,Abha,SA,18.2164,42.5053,28.14,23,20,5.66,few clouds
519,Kungurtug,RU,50.5994,97.5228,15.92,55,86,1.4,overcast clouds
520,Ingham,US,42.6,-84.3833,12.31,72,0,3.09,clear sky
521,Port Moresby,PG,-9.4431,147.1797,26.68,89,40,5.14,scattered clouds
522,Semnan,IR,35.5729,53.3971,31.91,6,0,1.03,clear sky
523,Batagay,RU,67.6333,134.6333,5.32,80,13,1.82,few clouds
524,Nanakuli,US,21.3906,-158.1547,23.97,70,0,1.54,clear sky
525,Cockburn Town,TC,21.4612,-71.1419,26.27,75,71,8.26,broken clouds
526,Concordia,AR,-31.393,-58.0209,13.04,88,0,0.0,clear sky
527,Nago,JP,26.5881,127.9761,20.47,84,100,10.3,moderate rain
528,Rjukan,NO,59.8789,8.5941,15.25,75,100,4.14,overcast clouds
529,Katobu,ID,-4.9408,122.5276,24.31,92,92,2.12,overcast clouds
530,Mabaruma,GY,8.2,-59.7833,22.82,98,100,0.73,overcast clouds
531,Cloquet,US,46.7216,-92.4594,10.85,65,100,2.06,overcast clouds
532,Miranda Do Corvo,PT,40.0932,-8.3326,23.95,45,90,6.36,overcast clouds
533,Noumea,NC,-22.2763,166.4572,24.44,99,100,5.7,overcast clouds
534,Glendive,US,47.1053,-104.7125,10.94,82,0,2.57,clear sky
535,Saint-Pierre,RE,-21.3393,55.4781,23.82,73,0,7.2,clear sky
536,Zurrieq,MT,35.8311,14.4742,26.73,32,0,4.12,clear sky
537,Xiongzhou,CN,25.1167,114.3,20.82,100,100,1.22,light rain
538,Jinchang,CN,38.4953,102.1739,23.36,18,94,6.24,overcast clouds
539,Nelson,NZ,-41.2833,173.2833,5.72,87,0,1.34,clear sky
540,Sakaraha,MG,-22.9,44.5333,26.52,27,0,2.43,clear sky
541,Lorengau,PG,-2.0226,147.2712,28.1,74,100,5.09,overcast clouds
542,Chicama,PE,-7.8447,-79.1469,15.3,75,38,2.69,scattered clouds
543,Maceio,BR,-9.6658,-35.7353,27.69,57,40,6.17,scattered clouds
544,Nizhniy Kuranakh,RU,58.8353,125.4869,7.1,68,25,1.27,scattered clouds
545,Yinchuan,CN,38.4681,106.2731,25.18,19,0,2.74,clear sky
546,Hovd,MN,48.0056,91.6419,21.9,25,100,5.63,overcast clouds
547,Bitung,ID,1.4451,125.1824,25.47,81,73,0.7,broken clouds
548,Kirakira,SB,-10.4544,161.9205,26.29,85,17,2.5,few clouds
549,Bongandanga,CD,1.5,21.05,23.65,95,100,1.17,overcast clouds
550,Sayhat,SA,26.4852,50.0405,42.12,27,0,6.51,clear sky
551,Ayan,RU,56.45,138.1667,1.02,93,100,1.26,overcast clouds
552,Kamwenge,UG,0.1866,30.4539,26.33,51,96,1.05,light rain
553,Teahupoo,PF,-17.8333,-149.2667,20.98,75,29,6.78,light rain
554,Peace River,CA,56.2501,-117.286,9.25,79,75,3.6,broken clouds
555,Ayia Galini,GR,35.1,24.6833,25.77,82,34,2.68,scattered clouds
556,Fallon,US,39.4735,-118.7774,3.93,48,0,1.54,clear sky
557,Pasighat,IN,28.0667,95.3333,25.31,86,46,1.58,scattered clouds
558,Margate,GB,51.3813,1.3862,14.61,88,100,0.89,light rain
559,Mayo,US,38.8876,-76.5119,19.58,68,0,4.12,clear sky
560,Kiyasovo,RU,56.3491,53.1244,7.81,60,98,4.2,overcast clouds
561,Toyooka,JP,35.5333,134.8333,14.16,83,100,1.2,overcast clouds
562,Port Hedland,AU,-20.3167,118.5667,26.03,94,40,1.54,scattered clouds
563,Texarkana,US,33.4251,-94.0477,16.12,80,100,2.68,overcast clouds
564,Taiyuan,CN,37.8694,112.5603,19.92,49,0,3.0,clear sky
565,Asosa,ET,10.0667,34.5333,26.49,48,15,2.6,few clouds
566,Hobyo,SO,5.3505,48.5268,28.25,74,87,12.82,overcast clouds
567,Muravlenko,RU,63.7898,74.523,12.56,44,51,7.77,broken clouds
568,Strezhevoy,RU,60.7333,77.5889,13.43,52,78,4.17,broken clouds
569,Mayumba,GA,-3.432,10.6554,24.25,79,100,3.03,overcast clouds
570,Piterka,RU,50.6803,47.4454,12.6,67,90,4.42,overcast clouds
571,Puerto Cabezas,NI,14.0351,-83.3888,26.98,94,75,3.09,broken clouds
572,Chester,US,40.1254,-75.8749,17.54,70,0,4.63,clear sky
573,Mandera,KE,3.9366,41.867,34.72,33,87,8.0,overcast clouds
574,Hambantota,LK,6.1241,81.1185,28.19,83,20,5.14,few clouds
575,Puerto Madryn,AR,-42.7692,-65.0385,10.09,40,82,7.81,broken clouds
576,Avera,US,33.194,-82.5271,22.73,93,100,3.05,light rain
577,Tyup,KG,42.7276,78.3648,10.49,80,88,0.43,overcast clouds
578,Kiama,AU,-34.6833,150.8667,15.56,93,100,2.16,light rain
579,Naze,JP,28.3667,129.4833,19.51,88,100,6.92,light rain
580,Ciudad Bolivar,VE,8.1222,-63.5497,25.81,72,100,4.75,overcast clouds
581,Massakory,TD,12.996,15.7293,40.53,7,40,7.27,scattered clouds
582,Akyab,MM,20.15,92.9,27.45,78,100,1.82,overcast clouds
583,Antofagasta,CL,-23.65,-70.4,13.6,65,43,2.04,scattered clouds
584,Myingyan,MM,21.4667,95.3833,32.51,51,85,6.59,overcast clouds
585,Nuuk,GL,64.1835,-51.7216,-0.66,93,100,11.32,light snow
586,Los Llanos De Aridane,ES,28.6585,-17.9182,20.07,79,75,6.17,broken clouds
587,Verkhnevilyuysk,RU,63.4453,120.3167,10.53,77,100,2.44,overcast clouds
588,Ouargaye,BF,11.5033,0.0572,24.83,75,100,0.61,light rain
589,Talmenka,RU,53.8183,83.5677,15.63,43,0,0.39,clear sky
590,Boa Vista,BR,2.8197,-60.6733,24.99,88,75,2.57,broken clouds
591,Kuantan,MY,3.8077,103.326,28.06,88,20,0.0,light rain
592,Sazonovo,RU,59.0919,35.2268,11.78,29,95,5.26,overcast clouds
593,Bolkhov,RU,53.4433,36.0044,13.31,45,74,3.62,broken clouds
594,Altay,CN,47.8667,88.1167,21.53,44,100,2.01,overcast clouds
595,Tukrah,LY,32.5341,20.5791,23.62,33,0,3.45,clear sky
596,Payakumbuh,ID,-0.2202,100.6308,22.86,94,70,0.78,broken clouds
597,Rudnogorsk,RU,57.2639,103.7519,11.45,63,66,1.09,broken clouds
598,Mount Gambier,AU,-37.8333,140.7667,9.87,83,1,2.48,clear sky
599,Dudinka,RU,69.4058,86.1778,2.57,85,100,8.12,overcast clouds
600,Udgir,IN,18.3833,77.1167,34.93,21,2,2.85,clear sky
601,Soyo,AO,-6.1349,12.3689,25.79,67,100,4.33,overcast clouds
602,Hirara,JP,24.8,125.2833,25.82,88,100,5.04,overcast clouds
603,Annan,GB,54.9884,-3.2565,14.71,81,62,5.08,broken clouds
604,Miraflores,MX,19.2167,-98.8083,17.36,60,4,1.01,clear sky
605,Mandalgovi,MN,45.7625,106.2708,21.66,19,100,3.77,overcast clouds
606,Malartic,CA,48.1335,-78.1328,8.9,74,9,2.29,clear sky
607,Ust-Maya,RU,60.4167,134.5333,4.09,80,7,1.29,clear sky
608,Oyonnax,FR,46.2592,5.6573,24.79,88,98,4.05,overcast clouds
609,Nanortalik,GL,60.1432,-45.2371,1.26,87,100,6.74,overcast clouds
610,Hokitika,NZ,-42.7167,170.9667,9.91,84,100,1.22,overcast clouds
611,Stulovo,RU,58.7225,50.1439,4.43,79,100,3.04,light rain
612,Coos Bay,US,43.3665,-124.2179,11.63,100,100,1.37,overcast clouds
613,Aviemore,GB,57.1955,-3.8259,10.25,90,100,2.55,light rain
614,Fernandopolis,BR,-20.2839,-50.2464,23.59,38,99,3.3,overcast clouds
615,Nanaimo,CA,49.1663,-123.936,14.16,69,100,2.06,overcast clouds
616,Choya,RU,52.0108,86.5467,12.43,66,99,1.48,overcast clouds
617,Emerald,AU,-23.5333,148.1667,14.63,88,63,6.11,broken clouds
618,Maputo,MZ,-25.9653,32.5892,20.13,86,75,6.17,broken clouds
619,Maun,BW,-19.9833,23.4167,23.98,29,0,1.03,clear sky
620,Moranbah,AU,-22.0016,148.0466,17.5,89,73,6.59,broken clouds
621,Aden,YE,12.7794,45.0367,31.41,59,4,0.95,clear sky
622,Jhinjhak,IN,26.5667,79.7333,28.31,44,99,0.76,overcast clouds
623,Arnprior,CA,45.4334,-76.3494,12.86,62,100,1.12,overcast clouds
624,Port Hardy,CA,50.6996,-127.4199,9.1,93,100,1.54,light rain
625,Sabang,ID,5.8933,95.3214,29.12,76,98,9.16,overcast clouds
626,Ostrovnoy,RU,68.0531,39.5131,0.2,80,100,8.38,overcast clouds
627,Lagos,NG,6.5833,3.75,31.18,58,89,1.72,overcast clouds
628,Upata,VE,8.0086,-62.3989,24.0,85,100,3.69,overcast clouds
629,Manta,EC,-0.95,-80.7333,23.88,83,75,4.63,broken clouds
630,Inta,RU,66.0317,60.1659,5.9,74,99,2.24,overcast clouds
631,Foumbot,CM,5.5079,10.6356,20.99,87,100,1.36,light rain
632,Aleksandrovskiy Zavod,RU,50.9237,117.9374,6.43,67,8,1.09,clear sky
633,Santa Fe,AR,-31.6333,-60.7,16.67,75,74,1.79,broken clouds
634,Tulle,FR,45.3333,1.8333,16.1,72,92,2.17,overcast clouds
635,Yerbogachen,RU,61.2767,108.0108,13.1,62,94,2.6,overcast clouds
636,Nayoro,JP,44.3506,142.4578,9.89,96,10,0.63,clear sky
637,Pangnirtung,CA,66.1451,-65.7125,-9.0,62,20,6.17,few clouds
638,Turukhansk,RU,65.8167,87.9833,13.63,77,98,9.79,overcast clouds
639,Olinda,BR,-8.0089,-34.8553,27.85,69,75,7.72,broken clouds
640,Odessa,UA,46.4775,30.7326,16.13,57,88,4.05,overcast clouds
641,Ust-Ilimsk,RU,58.0006,102.6619,11.08,74,6,1.51,clear sky
642,Nabire,ID,-3.3667,135.4833,24.68,91,75,1.33,broken clouds
643,Ryotsu,JP,38.0833,138.4333,14.15,88,5,0.68,clear sky
644,Maniitsoq,GL,65.4167,-52.9,-0.55,98,100,8.92,snow
645,Jaisalmer,IN,26.9147,70.9181,39.37,3,0,4.6,clear sky
646,Tevriz,RU,57.509,72.4042,9.23,93,100,3.95,light rain
647,Mayya,RU,61.7333,130.2811,4.62,92,4,1.94,clear sky
648,Decatur,US,39.8403,-88.9548,14.37,71,0,5.66,clear sky
649,Somerset,US,40.5668,-74.5496,20.22,62,0,3.09,clear sky
650,Aberystwyth,GB,52.4155,-4.0829,14.38,81,100,3.55,overcast clouds
651,Zhicheng,CN,30.2956,111.5047,20.95,74,18,1.91,few clouds
652,Huarmey,PE,-10.0681,-78.1522,19.17,79,19,3.37,few clouds
653,Anloga,GH,5.7947,0.8973,28.71,68,100,3.71,light rain
654,Itarema,BR,-2.9248,-39.9167,27.55,77,81,3.25,broken clouds
655,Waitati,NZ,-45.75,170.5667,12.67,50,6,4.1,clear sky
656,Vitim,RU,59.4511,112.5578,11.43,82,69,1.8,light rain
657,Reitz,ZA,-27.8014,28.4273,17.12,36,1,4.62,clear sky
658,Okha,RU,53.5739,142.9478,0.75,90,100,4.51,overcast clouds
659,Kahului,US,20.8947,-156.47,23.8,76,0,5.66,clear sky
660,Boende,CD,-0.2167,20.8667,26.55,77,99,1.83,light rain
661,Bridgetown,BB,13.1,-59.6167,29.27,70,40,7.2,scattered clouds
662,Goure,NE,13.9835,10.2704,40.01,6,17,2.87,few clouds
663,Salmas,IR,38.1973,44.7653,19.02,30,0,9.53,clear sky
664,Oblivskaya,RU,48.5362,42.5014,16.43,63,75,3.86,broken clouds
665,Svetlogorsk,BY,52.6333,29.7333,15.21,42,67,4.31,broken clouds
666,Hammerfest,NO,70.6634,23.6821,11.25,62,0,4.12,clear sky
667,Akureyri,IS,65.6835,-18.0878,5.96,75,40,4.12,scattered clouds
668,Shouguang,CN,36.88,118.7375,22.51,33,100,5.9,overcast clouds
669,Lincoln,US,40.8,-96.667,13.64,62,100,2.06,overcast clouds
670,Parabel,RU,58.6978,81.4825,15.21,46,98,3.76,overcast clouds
671,Paita,PE,-5.0892,-81.1144,19.55,78,42,5.44,scattered clouds
672,Mozarlandia,BR,-14.7447,-50.5706,29.3,22,14,0.7,few clouds
673,Sistranda,NO,63.7256,8.834,16.98,74,100,0.27,overcast clouds
674,Loyga,RU,61.0784,44.6075,1.63,89,100,2.68,light snow
675,Labuhan,ID,-6.8844,112.2051,27.08,81,100,5.1,overcast clouds
676,Kutum,SD,14.2,24.6667,33.9,10,3,4.73,clear sky
677,Takhli,TH,15.2634,100.3438,27.1,75,95,5.07,overcast clouds
678,Yining,CN,29.0361,114.5636,19.02,95,96,1.28,overcast clouds
679,Ternate,ID,0.8,127.4,27.28,79,100,1.65,overcast clouds
680,Alice Springs,AU,-23.7,133.8833,14.75,55,66,0.0,broken clouds
681,Kawardha,IN,22.0167,81.25,34.99,22,35,2.25,scattered clouds
682,Maues,BR,-3.3836,-57.7186,27.82,72,99,0.54,overcast clouds
683,Norfolk,US,42.1668,-71.2495,18.94,63,75,4.12,broken clouds
684,Jibuti,DJ,11.5,42.5,37.36,13,52,6.55,broken clouds
685,Huimanguillo,MX,17.85,-93.3833,26.38,74,99,1.01,overcast clouds
686,Bambanglipuro,ID,-7.95,110.2833,26.08,81,100,2.85,overcast clouds
687,Eureka,US,40.8021,-124.1637,10.52,89,57,0.45,broken clouds
688,Seoul,KR,37.5683,126.9778,20.66,71,0,3.6,clear sky
689,Darhan,MN,49.4867,105.9228,12.63,72,100,3.62,overcast clouds
690,Inhambane,MZ,-23.865,35.3833,20.99,83,75,3.09,broken clouds
691,Beyla,GN,8.6833,-8.6333,26.32,74,98,2.92,light rain
692,Tobermory,CA,45.2501,-81.6665,4.36,76,1,3.93,clear sky
693,Araucaria,BR,-25.5931,-49.4103,18.02,60,100,1.5,overcast clouds
694,Grindavik,IS,63.8424,-22.4338,9.97,76,75,5.14,broken clouds
695,Lieksa,FI,63.3167,30.0167,9.95,58,32,2.92,scattered clouds
696,Pasni,PK,25.2631,63.471,29.33,77,0,5.87,clear sky
697,Dicabisagan,PH,17.0818,122.4157,27.2,87,100,4.22,overcast clouds
698,Grootfontein,NA,-19.5667,18.1167,21.76,28,0,3.09,clear sky
699,Mount Pleasant,US,32.7941,-79.8626,27.83,82,20,4.12,few clouds
700,Guaymas,MX,27.9333,-110.9,22.2,60,0,2.51,clear sky
701,Ormara,PK,25.2088,64.6357,29.12,79,0,9.36,clear sky
702,Almaty,KZ,43.25,76.95,13.95,63,75,1.0,broken clouds
703,Omboue,GA,-1.5746,9.2618,27.4,64,100,4.73,overcast clouds
704,Havoysund,NO,70.9963,24.6622,10.13,69,32,3.79,scattered clouds
705,Pontes E Lacerda,BR,-15.2261,-59.3353,28.42,46,25,1.55,scattered clouds
706,Nizhniy Odes,RU,63.6445,54.856,4.83,82,99,2.76,overcast clouds
707,Xuddur,SO,4.1213,43.8894,31.54,40,100,8.14,overcast clouds
708,Xining,CN,36.6167,101.7667,16.39,47,74,4.23,broken clouds
709,Milkovo,RU,54.7167,158.6167,5.26,81,98,1.67,overcast clouds
